quality,fixed acidity,volatile acidity,citric acid,residual sugar,chlorides,free sulfur dioxide,total sulfur dioxide,density,pH,sulphates,alcohol
3,1.7708754896942935,0.3312556079189872,0.25066356381058297,1.4015963121463406,0.06624072262085713,9.763879010584539,16.828877297999146,0.0020018447048215805,0.14405245958022064,0.12202003478482079,0.8180091007372038
4,1.626624453202449,0.22011002163814408,0.20103036473918512,1.789436427647588,0.07619175545568857,9.025926211573964,27.583374075684237,0.0015751689844150198,0.18144077468138486,0.23939100892137696,0.9347760378448314
5,1.5639880044350571,0.16480118525037715,0.18000265011053862,1.3597526302971055,0.05370741025259386,10.955446021481025,36.99311576405531,0.0015885042637571606,0.1506184466535086,0.1710622536853647,0.7365209765620763
6,1.7978488461260096,0.1609622621375383,0.19510842430501277,1.4415757980876902,0.03956329053383699,9.940911310899814,25.038250242127027,0.0020000090060600354,0.1539950899510103,0.1586495247632427,1.0496389512697788
7,1.9924833370021053,0.14522435992280733,0.19443220682701143,1.3715093941984868,0.02945551439988788,10.17525542945568,33.19120605801796,0.0021757393603962292,0.15010075630657194,0.13563889094060444,0.9619329943029584
8,2.1196559099227845,0.1449137674618944,0.1995255811076361,1.295038294030928,0.011678145613380589,11.155613493587014,25.43323953417288,0.0023782755877403837,0.20064031486147654,0.11537945354634682,1.2240108718385976
