quality,fixed acidity,volatile acidity,citric acid,residual sugar,chlorides,free sulfur dioxide,total sulfur dioxide,density,pH,sulphates,alcohol
3,0.5540826489814381,1.0304327293400652,-0.0330784888046316,0.6634576101617101,3.9266264914943267,2.4086583974167524,0.9482053191207744,0.35750542822350206,0.09501773525822776,0.5408281614476053,0.018103231081665967
4,0.7764068917941178,1.400714419970299,0.4721757839038715,1.1107352086672397,5.643339044748691,2.362909702044415,0.21027192240639722,0.1853528497850625,0.6648867397077526,0.7012063511217228,0.7104918090869615
5,0.5967763529924204,1.4289718338063961,0.7029055384274364,0.4873860108134395,4.7564617014828885,0.4775172468812008,-0.03176561551813931,0.06153751995048697,0.652525065488027,0.8463943143001024,1.0811528454079018
6,0.7492856907583852,1.5336895202415837,1.9980291185865229,1.427370142864774,4.6118343619383495,0.680612072152028,0.35640076342375143,1.8532753729412117,0.42340357870594925,0.9804462915587655,0.3982181368767272
7,0.14050146261564633,0.811430267911169,0.7526096498040113,1.1335377686006494,1.9956515898447573,0.8061207894410559,0.5020755794087992,0.9808130626785379,0.2700679600144503,0.9540313904342683,-0.3056973698929826
8,-0.510580688759991,0.9915312471530405,0.545446870086999,0.8453696387633086,2.9613367306537923,1.4645490549268938,0.5462604586088617,1.1358831222568282,0.08981448632001478,0.9727352410555913,-0.9068801135634404
9,1.7601022779456565,0.44590455175378874,0.29233508036286265,1.878319181102639,-0.5164958251462329,2.0446566172385734,-0.9151677433936183,2.1601948661330157,-0.002985477591499742,0.8913486698857994,-2.0347392900050796
