quality,fixed acidity,volatile acidity,citric acid,residual sugar,chlorides,free sulfur dioxide,total sulfur dioxide,density,pH,sulphates,alcohol
3,0.9529965207003039,0.8708598813052243,1.229301092200959,1.4079713661773514,1.396388992611759,1.732337695499879,0.7296773176055825,0.06609856606924791,-0.01270107368638832,1.4540675508510827,-0.5679288477137963
4,0.9203785904956199,0.15763698678070234,1.715727646211583,3.9567473157135447,6.3350418119425775,1.3717024680722738,1.206464627400318,0.4382346214658358,-0.3104085912717312,4.340695871133192,0.6495789089176034
5,1.382946409934366,0.5937136137589722,0.5245804303837298,4.40154438417137,5.340846868144897,1.2010508987914221,0.7573474147524056,0.4765560854732139,0.05328946732634569,2.8191204909630856,1.8385144269977287
6,0.8341106680872871,0.43479176334852876,0.22237567374293088,5.491087869838077,4.861015282647726,1.223395169621129,1.3476457801786692,0.047277343681561716,0.30280455302353865,2.7176713467363234,0.5469960494191419
7,0.5144056818205969,0.9572706151137836,-0.38125057124278705,2.2193581733317624,4.9854016660695875,1.4917985206133506,4.59358277525501,0.34317014507170907,0.3829198244306695,0.609054640486673,0.010489146075919546
8,0.043615069351671136,1.7218585423153385,-0.3883837274793943,2.132359145311262,-0.7811114119782177,1.4923581758621507,1.3395343887525526,-0.23902237658564407,0.4217192018503439,1.455855993829421,-0.2345821434347784
