quality,fixed acidity,volatile acidity,citric acid,residual sugar,chlorides,free sulfur dioxide,total sulfur dioxide,density,pH,sulphates,alcohol
3,1.7247425437163844,0.1408272084207414,0.08146035522684768,5.317332013034554,0.04646798558373847,69.42077555708643,107.75833097601708,0.0028305985976560992,0.20983389420657156,0.11984529501337174,1.2240893500239702
4,1.0814903134979086,0.17346335225480702,0.16385741959836272,4.163610126351119,0.025887986327597128,20.391349321907757,52.753769339305585,0.002462356859339105,0.16369093101563667,0.1179732400781469,1.003217104147944
5,0.838432640869472,0.10006628237491136,0.14081389272537032,5.3276192948990415,0.026495608215480342,18.145990557887643,44.08618665567891,0.0025447337210165078,0.14089543038131985,0.09820514196114093,0.8470652876072922
6,0.8374419384275631,0.08814207934665308,0.11932451091258725,5.166624960933112,0.020452883887714747,15.735678755745303,41.286219552917636,0.0030235097726277046,0.15099621254286746,0.11335696416882822,1.1477761887635822
7,0.7556702070762437,0.09110644141972792,0.07918280178067988,4.29798866624111,0.0106974063219434,13.244737281685698,32.74298173945999,0.0027676700979523167,0.1584018980773596,0.13019470321669033,1.2465358063513974
8,0.8193373108188323,0.10802942340788031,0.08543915339395937,4.263391439704369,0.01316380318470746,16.203674906013454,33.00632944226351,0.002787724342220775,0.15228900448390734,0.14707318643276782,1.2801382827603058
9,0.9833615815151616,0.05761944116355173,0.08203657720797473,3.7592552453910333,0.0074363969770312845,13.427583550289308,19.82422760159901,0.0031183729732025328,0.08288546314040847,0.0926282894152753,1.0134100848126584
